time_close,time_period_start,time_period_end,time_open,price_open,price_high,price_low,price_close,volume_traded,trades_count
2022-02-28 23:59:59.996559+00:00,2022-02-28T00:00:00.0000000Z,2022-03-01T00:00:00.0000000Z,2022-02-28T00:00:00.1830660Z,37716.57,44256.08,37447.6,43192.66,46860.50600319,876066
2022-03-01 23:59:59.669756+00:00,2022-03-01T00:00:00.0000000Z,2022-03-02T00:00:00.0000000Z,2022-03-01T00:00:00.0122800Z,43189.61,45014.0,42820.241,44439.95,42800.23136523,848446
2022-03-02 23:59:59.885727+00:00,2022-03-02T00:00:00.0000000Z,2022-03-03T00:00:00.0000000Z,2022-03-02T00:00:00.1103440Z,44440.0,45426.45,43342.16,43912.34,30984.72995775,736808
2022-03-03 23:59:59.426247+00:00,2022-03-03T00:00:00.0000000Z,2022-03-04T00:00:00.0000000Z,2022-03-03T00:00:00.0848360Z,43916.47,44136.36,41807.0,42464.41,32033.64934011,674679
2022-03-04 23:59:59.986897+00:00,2022-03-04T00:00:00.0000000Z,2022-03-05T00:00:00.0000000Z,2022-03-04T00:00:00.1040000Z,42463.75,42540.57,38546.0,39166.51,43880.79951583,843303
2022-03-05 23:59:59.761006+00:00,2022-03-05T00:00:00.0000000Z,2022-03-06T00:00:00.0000000Z,2022-03-05T00:00:00.0173710Z,39166.5,39624.6,38587.27,39402.43,13472.81187982,433564
2022-03-06 23:59:59.995818+00:00,2022-03-06T00:00:00.0000000Z,2022-03-07T00:00:00.0000000Z,2022-03-06T00:00:00.0161390Z,39407.87,39730.5,38091.02,38408.38,17159.89875646,455181
2022-03-07 23:59:59.920000+00:00,2022-03-07T00:00:00.0000000Z,2022-03-08T00:00:00.0000000Z,2022-03-07T00:00:00.1602220Z,38406.82,39559.0,37159.4,38000.0,33243.15978935,729025
2022-03-08 23:59:59.778254+00:00,2022-03-08T00:00:00.0000000Z,2022-03-09T00:00:00.0000000Z,2022-03-08T00:00:00.1537160Z,37991.05,39377.81,37851.54,38749.38,30950.17041955,681917
2022-03-09 23:59:59.950121+00:00,2022-03-09T00:00:00.0000000Z,2022-03-10T00:00:00.0000000Z,2022-03-09T00:00:00.1492750Z,38749.16,42597.84,38655.98,41953.97,39555.89110729,745326
2022-03-10 23:59:59.572000+00:00,2022-03-10T00:00:00.0000000Z,2022-03-11T00:00:00.0000000Z,2022-03-10T00:00:00.1228260Z,41949.28,42053.95,38545.19,39435.8,34944.20765119,707746
2022-03-11 23:59:59.530248+00:00,2022-03-11T00:00:00.0000000Z,2022-03-12T00:00:00.0000000Z,2022-03-11T00:00:00.1166670Z,39431.4,40266.0,38234.08,38732.04,27100.37130942,687860
2022-03-12 23:59:59.455376+00:00,2022-03-12T00:00:00.0000000Z,2022-03-13T00:00:00.0000000Z,2022-03-12T00:00:00.3425210Z,38732.33,39499.8,38653.89,38813.02,9975.97144826,342077
2022-03-13 23:59:59.956939+00:00,2022-03-13T00:00:00.0000000Z,2022-03-14T00:00:00.0000000Z,2022-03-13T00:00:00.1873410Z,38815.56,39318.19,37580.86,37793.01,13598.84492715,410779
2022-03-14 23:59:58.625983+00:00,2022-03-14T00:00:00.0000000Z,2022-03-15T00:00:00.0000000Z,2022-03-14T00:00:00.4762840Z,37793.4,39932.251,37524.5,39674.17,23329.66309974,593837
2022-03-15 23:59:58.946949+00:00,2022-03-15T00:00:00.0000000Z,2022-03-16T00:00:00.0000000Z,2022-03-15T00:00:00.0488140Z,39678.51,39971.05,38106.671,39298.1,23291.7902789,642392
2022-03-16 23:59:59.820223+00:00,2022-03-16T00:00:00.0000000Z,2022-03-17T00:00:00.0000000Z,2022-03-16T00:00:00.2149530Z,39298.11,41720.5,38807.5,41127.97,44102.06733497,1133901
2022-03-17 23:59:59.695236+00:00,2022-03-17T00:00:00.0000000Z,2022-03-18T00:00:00.0000000Z,2022-03-17T00:00:00.1564610Z,41127.96,41497.24,40449.06,40950.33,22473.39633838,760826
2022-03-18 23:59:59.843964+00:00,2022-03-18T00:00:00.0000000Z,2022-03-19T00:00:00.0000000Z,2022-03-18T00:00:00.2806480Z,40950.23,42396.04,40068.88,41774.98,26983.79576879,726548
2022-03-19 23:59:59.788758+00:00,2022-03-19T00:00:00.0000000Z,2022-03-20T00:00:00.0000000Z,2022-03-19T00:00:00.5916120Z,41781.37,42429.0,41503.0,42232.26,12779.22000326,483456
2022-03-20 23:59:59.920337+00:00,2022-03-20T00:00:00.0000000Z,2022-03-21T00:00:00.0000000Z,2022-03-20T00:00:00.0230180Z,42232.05,42330.1,40918.72,41287.24,12583.45002069,451083
2022-03-21 23:59:59.777444+00:00,2022-03-21T00:00:00.0000000Z,2022-03-22T00:00:00.0000000Z,2022-03-21T00:00:00.0361240Z,41287.24,41588.7,40483.0,41017.71,19384.99704463,560054
2022-03-22 23:59:59.994887+00:00,2022-03-22T00:00:00.0000000Z,2022-03-23T00:00:00.0000000Z,2022-03-22T00:00:00.0762630Z,41017.7,43402.6,40882.5,42378.26,31842.3005367,709067
2022-03-23 23:59:59.904338+00:00,2022-03-23T00:00:00.0000000Z,2022-03-24T00:00:00.0000000Z,2022-03-23T00:00:00.0806460Z,42376.03,43051.993,41633.991,42899.71,21859.01162659,589022
2022-03-24 23:59:59.949513+00:00,2022-03-24T00:00:00.0000000Z,2022-03-25T00:00:00.0000000Z,2022-03-24T00:00:00.3448470Z,42899.71,44246.9,42615.5,44012.29,31559.02912508,744998
2022-03-25 23:59:59.923344+00:00,2022-03-25T00:00:00.0000000Z,2022-03-26T00:00:00.0000000Z,2022-03-25T00:00:00.1203950Z,44012.36,45137.12,43574.0,44331.85,28051.60978419,696697
2022-03-26 23:59:59.597252+00:00,2022-03-26T00:00:00.0000000Z,2022-03-27T00:00:00.0000000Z,2022-03-26T00:00:00.2490000Z,44334.08,44820.58,44091.09,44539.42,10525.41026688,460238
2022-03-27 23:59:59.487017+00:00,2022-03-27T00:00:00.0000000Z,2022-03-28T00:00:00.0000000Z,2022-03-27T00:00:01.1270000Z,44544.25,46976.1,44437.22,46850.01,17600.13388473,560478
2022-03-28 23:59:59.956909+00:00,2022-03-28T00:00:00.0000000Z,2022-03-29T00:00:00.0000000Z,2022-03-28T00:00:00.4755620Z,46850.01,48240.0,46662.28,47144.92,30391.60306435,870821
2022-03-29 23:59:59.811000+00:00,2022-03-29T00:00:00.0000000Z,2022-03-30T00:00:00.0000000Z,2022-03-29T00:00:00.1441120Z,47146.92,48138.6,46589.0,47440.2,23836.50972566,664134
2022-03-30 23:59:59.922798+00:00,2022-03-30T00:00:00.0000000Z,2022-03-31T00:00:00.0000000Z,2022-03-30T00:00:00.0765910Z,47448.41,47723.0,46253.5,47078.03,19486.08846863,608936
2022-03-31 23:59:59.462213+00:00,2022-03-31T00:00:00.0000000Z,2022-04-01T00:00:00.0000000Z,2022-03-31T00:00:00.3168340Z,47078.02,47624.5,45204.5,45528.45,24858.40320126,646993
2022-04-01 23:59:59.881651+00:00,2022-04-01T00:00:00.0000000Z,2022-04-02T00:00:00.0000000Z,2022-04-01T00:00:00.5742460Z,45525.25,46739.81,44223.0,46296.34,28628.47689784,745406
2022-04-02 23:59:59.949782+00:00,2022-04-02T00:00:00.0000000Z,2022-04-03T00:00:00.0000000Z,2022-04-02T00:00:00.1112750Z,46296.36,47227.5,45396.0,45826.27,13375.02212875,536241
2022-04-03 23:59:59.329932+00:00,2022-04-03T00:00:00.0000000Z,2022-04-04T00:00:00.0000000Z,2022-04-03T00:00:00.2304600Z,45826.24,47469.4,45552.07,46422.16,14374.90312653,456174
2022-04-04 23:59:59.226823+00:00,2022-04-04T00:00:00.0000000Z,2022-04-05T00:00:00.0000000Z,2022-04-04T00:00:00.0040000Z,46424.2,46903.5,45123.9,46596.83,23448.88477574,568044
2022-04-05 23:59:59.977838+00:00,2022-04-05T00:00:00.0000000Z,2022-04-06T00:00:00.0000000Z,2022-04-05T00:00:00.0050000Z,46617.1,47201.0,45342.33,45506.5,23573.72181689,649165
2022-04-06 23:59:59.933548+00:00,2022-04-06T00:00:00.0000000Z,2022-04-07T00:00:00.0000000Z,2022-04-06T00:00:00.0030000Z,45498.3,45548.77,43086.8,43166.7,40703.91076543,894006
2022-04-07 23:59:59.878499+00:00,2022-04-07T00:00:00.0000000Z,2022-04-08T00:00:00.0000000Z,2022-04-07T00:00:00.0390000Z,43179.5,43920.8,42734.69,43452.18,19800.36553531,597633
2022-04-08 23:59:59.392117+00:00,2022-04-08T00:00:00.0000000Z,2022-04-09T00:00:00.0000000Z,2022-04-08T00:00:00.0720000Z,43469.8,44000.0,42104.92,42262.02,20418.14348841,654768
2022-04-09 23:59:59.373528+00:00,2022-04-09T00:00:00.0000000Z,2022-04-10T00:00:00.0000000Z,2022-04-09T00:00:00.7173270Z,42261.9,42832.0,42111.0,42766.93,7108.79414658,420893
2022-04-10 23:59:59.991717+00:00,2022-04-10T00:00:00.0000000Z,2022-04-11T00:00:00.0000000Z,2022-04-10T00:00:00.1783020Z,42766.46,43505.0,41805.4,42165.96,9837.4460356,405303
2022-04-11 23:59:59.992111+00:00,2022-04-11T00:00:00.0000000Z,2022-04-12T00:00:00.0000000Z,2022-04-11T00:00:00.0024030Z,42165.96,42424.14,39184.5,39535.87,28510.89825646,795184
2022-04-12 23:59:59.774866+00:00,2022-04-12T00:00:00.0000000Z,2022-04-13T00:00:00.0000000Z,2022-04-12T00:00:00.0685090Z,39535.88,40707.0,39250.0,40086.23,22865.50950633,712399
2022-04-13 23:59:59.957341+00:00,2022-04-13T00:00:00.0000000Z,2022-04-14T00:00:00.0000000Z,2022-04-13T00:00:00.0398160Z,40086.7,41570.88,39550.0,41146.68,21388.33642583,592384
2022-04-14 23:59:59.807866+00:00,2022-04-14T00:00:00.0000000Z,2022-04-15T00:00:00.0000000Z,2022-04-14T00:00:00.0330000Z,41141.31,41512.43,39554.5,39954.08,17575.91503963,625388
2022-04-15 23:59:59.421999+00:00,2022-04-15T00:00:00.0000000Z,2022-04-16T00:00:00.0000000Z,2022-04-15T00:00:00.2837990Z,39953.62,40890.3,39767.5,40554.58,11180.32487539,485044
2022-04-16 23:59:59.518044+00:00,2022-04-16T00:00:00.0000000Z,2022-04-17T00:00:00.0000000Z,2022-04-16T00:00:00.2369090Z,40554.6,40737.9,40002.0,40387.6,6120.54574812,367232
2022-04-17 23:59:59.794000+00:00,2022-04-17T00:00:00.0000000Z,2022-04-18T00:00:00.0000000Z,2022-04-17T00:00:00.5507680Z,40387.6,40652.8,39529.0,39681.2,7960.78902813,359097
2022-04-18 23:59:59.997099+00:00,2022-04-18T00:00:00.0000000Z,2022-04-19T00:00:00.0000000Z,2022-04-18T00:00:00.3802520Z,39681.11,41124.0,38535.5,40803.58,24064.16645327,665893
2022-04-19 23:59:59.516453+00:00,2022-04-19T00:00:00.0000000Z,2022-04-20T00:00:00.0000000Z,2022-04-19T00:00:00.1089360Z,40810.87,41825.8,40571.99,41503.85,15583.64851459,511573
2022-04-20 23:59:59.114123+00:00,2022-04-20T00:00:00.0000000Z,2022-04-21T00:00:00.0000000Z,2022-04-20T00:00:00.0381740Z,41501.56,42243.0,40852.5,41377.61,21130.63736568,615000
2022-04-21 23:59:59.590981+00:00,2022-04-21T00:00:00.0000000Z,2022-04-22T00:00:00.0000000Z,2022-04-21T00:00:00.0620000Z,41370.0,43109.47,39744.75,40480.81,27241.76308618,755344
2022-04-22 23:59:59.693717+00:00,2022-04-22T00:00:00.0000000Z,2022-04-23T00:00:00.0000000Z,2022-04-22T00:00:00.1098750Z,40483.38,40818.5,39139.0,39712.25,25038.00664991,768360
2022-04-23 23:59:59.809641+00:00,2022-04-23T00:00:00.0000000Z,2022-04-24T00:00:00.0000000Z,2022-04-23T00:00:00.2625440Z,39712.2,39993.82,39292.0,39465.87,9440.05409445,429863
2022-04-24 23:59:59.957355+00:00,2022-04-24T00:00:00.0000000Z,2022-04-25T00:00:00.0000000Z,2022-04-24T00:00:00.0522080Z,39459.63,39945.74,38891.8,39464.56,9634.28953597,439695
2022-04-25 23:59:59.429147+00:00,2022-04-25T00:00:00.0000000Z,2022-04-26T00:00:00.0000000Z,2022-04-25T00:00:00.2802630Z,39463.75,40651.0,38171.51,40439.22,32377.30046282,964400
2022-04-26 23:59:59.638000+00:00,2022-04-26T00:00:00.0000000Z,2022-04-27T00:00:00.0000000Z,2022-04-26T00:00:00.2416720Z,40440.9,40817.16,37672.0,38121.7,34527.72605272,900645
2022-04-27 23:59:59.885727+00:00,2022-04-27T00:00:00.0000000Z,2022-04-28T00:00:00.0000000Z,2022-04-27T00:00:00.0206240Z,38118.43,39494.73,37882.83,39251.11,29681.73549509,800710
2022-04-28 23:59:59.691596+00:00,2022-04-28T00:00:00.0000000Z,2022-04-29T00:00:00.0000000Z,2022-04-28T00:00:00.3922690Z,39251.02,40400.0,38810.15,39743.22,25830.13062238,825626
2022-04-29 23:59:58.532119+00:00,2022-04-29T00:00:00.0000000Z,2022-04-30T00:00:00.0000000Z,2022-04-29T00:00:00.2572670Z,39741.21,39926.8,38131.8,38593.1,21591.12188972,832216
2022-04-30 23:59:59.543426+00:00,2022-04-30T00:00:00.0000000Z,2022-05-01T00:00:00.0000000Z,2022-04-30T00:00:00.5740000Z,38599.3,38799.12,37577.5,37644.1,10117.5200186,498881
2022-05-01 23:59:59.386062+00:00,2022-05-01T00:00:00.0000000Z,2022-05-02T00:00:00.0000000Z,2022-05-01T00:00:00.3306800Z,37640.35,38704.0,37399.4,38473.05,14117.70286263,489089
2022-05-02 23:59:59.641683+00:00,2022-05-02T00:00:00.0000000Z,2022-05-03T00:00:00.0000000Z,2022-05-02T00:00:00.2241370Z,38469.49,39206.0,38011.0,38510.89,27361.88216963,671756
2022-05-03 23:59:59.902587+00:00,2022-05-03T00:00:00.0000000Z,2022-05-04T00:00:00.0000000Z,2022-05-03T00:00:00.2066990Z,38510.88,38645.1,37505.01,37719.59,25016.535672,599695
2022-05-04 23:59:59.972201+00:00,2022-05-04T00:00:00.0000000Z,2022-05-05T00:00:00.0000000Z,2022-05-04T00:00:00.0505420Z,37719.58,40050.19,37651.38,39669.56,31721.95398886,690419
2022-05-05 23:59:59.926715+00:00,2022-05-05T00:00:00.0000000Z,2022-05-06T00:00:00.0000000Z,2022-05-05T00:00:00.0336590Z,39669.56,39864.55,35407.0,36537.22,45977.70197856,977499
2022-05-06 23:59:59.966584+00:00,2022-05-06T00:00:00.0000000Z,2022-05-07T00:00:00.0000000Z,2022-05-06T00:00:00.2232990Z,36537.22,36664.4,35250.0,35999.1,39509.94933369,948633
2022-05-07 23:59:59.994078+00:00,2022-05-07T00:00:00.0000000Z,2022-05-08T00:00:00.0000000Z,2022-05-07T00:00:00.3486580Z,35999.1,36125.0,34739.0,35458.0,15860.24353045,502277
2022-05-08 23:59:59.609945+00:00,2022-05-08T00:00:00.0000000Z,2022-05-09T00:00:00.0000000Z,2022-05-08T00:00:00.0050030Z,35458.0,35499.93,33645.5,34027.91,37208.53634553,733661
2022-05-09 23:59:59.958591+00:00,2022-05-09T00:00:00.0000000Z,2022-05-10T00:00:00.0000000Z,2022-05-09T00:00:00.1939770Z,34033.49,34233.53,30010.0,30078.27,92152.83062086,1699799
2022-05-10 23:59:59.365757+00:00,2022-05-10T00:00:00.0000000Z,2022-05-11T00:00:00.0000000Z,2022-05-10T00:00:00.0272230Z,30078.27,32650.0,29728.0,31002.39,87954.76893246,1789399
2022-05-11 23:59:59.914000+00:00,2022-05-11T00:00:00.0000000Z,2022-05-12T00:00:00.0000000Z,2022-05-11T00:00:00.4121840Z,31002.39,32185.9,27656.893,28972.5,120300.68671112,2263879
2022-05-12 23:59:59.969139+00:00,2022-05-12T00:00:00.0000000Z,2022-05-13T00:00:00.0000000Z,2022-05-12T00:00:00.0574220Z,28977.75,30111.81,25297.5,28941.95,142136.84977251,2482167
2022-05-13 23:59:59.989309+00:00,2022-05-13T00:00:00.0000000Z,2022-05-14T00:00:00.0000000Z,2022-05-13T00:00:00.0650440Z,28941.95,31000.0,28662.7,29232.18,56670.58540872,1206316
2022-05-14 23:59:59.877986+00:00,2022-05-14T00:00:00.0000000Z,2022-05-15T00:00:00.0000000Z,2022-05-14T00:00:00.8111110Z,29234.73,30287.82,28561.23,30041.88,24595.27394626,716483
2022-05-15 23:59:59.964471+00:00,2022-05-15T00:00:00.0000000Z,2022-05-16T00:00:00.0000000Z,2022-05-15T00:00:00.0821490Z,30041.9,31418.35,29433.5,31290.05,24240.27957026,681450
2022-05-16 23:59:59.973311+00:00,2022-05-16T00:00:00.0000000Z,2022-05-17T00:00:00.0000000Z,2022-05-16T00:00:00.0470000Z,31294.5,31294.5,29048.289,29839.89,36778.42737304,879892
2022-05-17 23:59:59.914275+00:00,2022-05-17T00:00:00.0000000Z,2022-05-18T00:00:00.0000000Z,2022-05-17T00:00:00.0052790Z,29839.89,30772.0,29398.0,30412.12,29554.04943631,703317
2022-05-18 23:59:59.637000+00:00,2022-05-18T00:00:00.0000000Z,2022-05-19T00:00:00.0000000Z,2022-05-18T00:00:00.0993450Z,30412.1,30681.5,28589.1,28664.3,41611.26640247,800679
2022-05-19 23:59:59.546806+00:00,2022-05-19T00:00:00.0000000Z,2022-05-20T00:00:00.0000000Z,2022-05-19T00:00:00.0504720Z,28671.5,30515.0,28643.876,30274.59,43141.18671437,783525
2022-05-20 23:59:58.717565+00:00,2022-05-20T00:00:00.0000000Z,2022-05-21T00:00:00.0000000Z,2022-05-20T00:00:00.0412310Z,30274.59,30739.5,28690.13,29155.75,51073.63026241,868255
2022-05-21 23:59:59.820427+00:00,2022-05-21T00:00:00.0000000Z,2022-05-22T00:00:00.0000000Z,2022-05-21T00:00:00.0173300Z,29155.74,29622.5,28913.26,29408.26,13537.09238332,410510
2022-05-22 23:59:58.687651+00:00,2022-05-22T00:00:00.0000000Z,2022-05-23T00:00:00.0000000Z,2022-05-22T00:00:00.3143360Z,29407.4,30500.0,29209.03,30260.87,18434.06873798,449441
2022-05-23 23:59:59.968782+00:00,2022-05-23T00:00:00.0000000Z,2022-05-24T00:00:00.0000000Z,2022-05-23T00:00:00.4947490Z,30258.04,30642.24,28829.5,29082.52,35387.14408055,703256
2022-05-24 23:59:58.188788+00:00,2022-05-24T00:00:00.0000000Z,2022-05-25T00:00:00.0000000Z,2022-05-24T00:00:00.2388120Z,29079.31,29860.0,28611.0,29626.44,25886.6948157,618524
2022-05-25 23:59:59.161778+00:00,2022-05-25T00:00:00.0000000Z,2022-05-26T00:00:00.0000000Z,2022-05-25T00:00:00.1582040Z,29627.61,30202.5,29296.12,29503.49,26434.20731268,573158
2022-05-26 23:59:59.979500+00:00,2022-05-26T00:00:00.0000000Z,2022-05-27T00:00:00.0000000Z,2022-05-26T00:00:00.1082110Z,29503.48,29860.0,27505.0,29166.06,43637.90918546,770705
2022-05-27 23:59:59.947940+00:00,2022-05-27T00:00:00.0000000Z,2022-05-28T00:00:00.0000000Z,2022-05-27T00:00:00.0593710Z,29166.06,29386.5,28220.0,28598.31,33858.10962661,768866
2022-05-28 23:59:59.887421+00:00,2022-05-28T00:00:00.0000000Z,2022-05-29T00:00:00.0000000Z,2022-05-28T00:00:00.1300000Z,28580.0,29239.52,28492.22,29008.99,11159.82533913,395791
2022-05-29 23:59:59.914758+00:00,2022-05-29T00:00:00.0000000Z,2022-05-30T00:00:00.0000000Z,2022-05-29T00:00:00.1464120Z,29008.99,29567.0,28809.84,29447.07,10948.64347196,400389
2022-05-30 23:59:59.960292+00:00,2022-05-30T00:00:00.0000000Z,2022-05-31T00:00:00.0000000Z,2022-05-30T00:00:00.0749730Z,29447.08,32232.16,29234.55,31711.42,43649.07426071,761539
2022-05-31 23:59:59.877738+00:00,2022-05-31T00:00:00.0000000Z,2022-06-01T00:00:00.0000000Z,2022-05-31T00:00:00.1064500Z,31716.67,32400.0,31181.26,31784.05,33324.92115551,676367
2022-06-01 23:59:59.859610+00:00,2022-06-01T00:00:00.0000000Z,2022-06-02T00:00:00.0000000Z,2022-06-01T00:00:00.3204210Z,31784.18,31964.56,29269.569,29788.79,45196.35376557,790439
2022-06-02 23:59:59.769368+00:00,2022-06-02T00:00:00.0000000Z,2022-06-03T00:00:00.0000000Z,2022-06-02T00:00:00.0949020Z,29789.19,30800.0,29557.5,30433.75,24872.71208246,594217
2022-06-03 23:59:59.581845+00:00,2022-06-03T00:00:00.0000000Z,2022-06-04T00:00:00.0000000Z,2022-06-03T00:00:00.7665690Z,30429.12,30675.95,29213.47,29670.85,19914.35425834,534704
2022-06-04 23:59:59.498033+00:00,2022-06-04T00:00:00.0000000Z,2022-06-05T00:00:00.0000000Z,2022-06-04T00:00:00.3952180Z,29672.77,29960.37,29444.21,29843.18,7993.24713882,307520
2022-06-05 23:59:59.745329+00:00,2022-06-05T00:00:00.0000000Z,2022-06-06T00:00:00.0000000Z,2022-06-05T00:00:00.1405970Z,29837.56,30162.4,29505.65,29901.54,7569.45436519,303110
2022-06-06 23:59:59.972836+00:00,2022-06-06T00:00:00.0000000Z,2022-06-07T00:00:00.0000000Z,2022-06-06T00:00:00.2003210Z,29899.62,31745.0,29866.44,31343.61,28030.45441458,676643
2022-06-07 23:59:59.673000+00:00,2022-06-07T00:00:00.0000000Z,2022-06-08T00:00:00.0000000Z,2022-06-07T00:00:00.7255030Z,31349.59,31555.07,29184.25,31098.6,35347.92722872,796518
2022-06-08 23:59:59.448195+00:00,2022-06-08T00:00:00.0000000Z,2022-06-09T00:00:00.0000000Z,2022-06-08T00:00:00.2040000Z,31097.2,31310.53,29829.98,30177.0,23430.17288181,657697
2022-06-09 23:59:58.672713+00:00,2022-06-09T00:00:00.0000000Z,2022-06-10T00:00:00.0000000Z,2022-06-09T00:00:00.5185400Z,30182.92,31159.99,29892.2,30079.62,17061.37486664,514565
2022-06-10 23:59:59.827014+00:00,2022-06-10T00:00:00.0000000Z,2022-06-11T00:00:00.0000000Z,2022-06-10T00:00:00.0886610Z,30079.59,30430.79,28821.15,29063.11,37695.91330907,699628
2022-06-11 23:59:59.471747+00:00,2022-06-11T00:00:00.0000000Z,2022-06-12T00:00:00.0000000Z,2022-06-11T00:00:00.7454590Z,29058.79,29411.7,28080.01,28388.63,18808.33605089,553228
2022-06-12 23:59:59.842549+00:00,2022-06-12T00:00:00.0000000Z,2022-06-13T00:00:00.0000000Z,2022-06-12T00:00:00.4134830Z,28395.03,28523.06,26500.0,26555.2,27234.57665058,708018
2022-06-13 23:59:59.823709+00:00,2022-06-13T00:00:00.0000000Z,2022-06-14T00:00:00.0000000Z,2022-06-13T00:00:00.0038040Z,26555.17,26869.35,21866.0,22460.97,147304.51986871,2225994
2022-06-14 23:59:59.709505+00:00,2022-06-14T00:00:00.0000000Z,2022-06-15T00:00:00.0000000Z,2022-06-14T00:00:00.1988380Z,22460.97,23309.0,20816.35,22120.25,88694.23214914,1500028
2022-06-15 23:59:59.817270+00:00,2022-06-15T00:00:00.0000000Z,2022-06-16T00:00:00.0000000Z,2022-06-15T00:00:00.1740890Z,22120.23,22795.78,20045.5,22562.33,121399.35435615,1756198
2022-06-16 23:59:59.943644+00:00,2022-06-16T00:00:00.0000000Z,2022-06-17T00:00:00.0000000Z,2022-06-16T00:00:00.1658740Z,22562.33,22974.1,20181.12,20372.0,69657.7231979,1001165
2022-06-17 23:59:59.798499+00:00,2022-06-17T00:00:00.0000000Z,2022-06-18T00:00:00.0000000Z,2022-06-17T00:00:00.2044980Z,20371.96,21338.7,20209.73,20447.86,50191.58503522,764917
2022-06-18 23:59:59.882783+00:00,2022-06-18T00:00:00.0000000Z,2022-06-19T00:00:00.0000000Z,2022-06-18T00:00:00.2261110Z,20447.86,20758.0,17567.45,18948.89,79905.35635754,1192000
2022-06-19 23:59:59.935794+00:00,2022-06-19T00:00:00.0000000Z,2022-06-20T00:00:00.0000000Z,2022-06-19T00:00:00.1648210Z,18944.66,20799.9,17911.0,20552.44,47466.16887009,781614
2022-06-20 23:59:59.505871+00:00,2022-06-20T00:00:00.0000000Z,2022-06-21T00:00:00.0000000Z,2022-06-20T00:00:00.1860800Z,20552.39,21041.62,19603.8,20549.75,38745.22520916,689082
2022-06-21 23:59:59.368056+00:00,2022-06-21T00:00:00.0000000Z,2022-06-22T00:00:00.0000000Z,2022-06-21T00:00:00.7035400Z,20547.68,21711.0,20323.6,20696.96,35050.8100495,830618
2022-06-22 23:59:59.974548+00:00,2022-06-22T00:00:00.0000000Z,2022-06-23T00:00:00.0000000Z,2022-06-22T00:00:00.1827950Z,20699.63,20873.52,19743.99,19968.46,38755.24539182,944227
2022-06-23 23:59:59.870146+00:00,2022-06-23T00:00:00.0000000Z,2022-06-24T00:00:00.0000000Z,2022-06-23T00:00:00.6247770Z,19970.07,21211.97,19869.41,21104.45,30558.28425721,803100
2022-06-24 23:59:59.991212+00:00,2022-06-24T00:00:00.0000000Z,2022-06-25T00:00:00.0000000Z,2022-06-24T00:00:00.5310000Z,21102.75,21538.4,20712.54,21223.72,30866.05985343,766684
2022-06-25 23:59:59.814367+00:00,2022-06-25T00:00:00.0000000Z,2022-06-26T00:00:00.0000000Z,2022-06-25T00:00:01.0397140Z,21221.13,21594.5,20888.8,21478.04,16786.61877849,557957
2022-06-26 23:59:59.781000+00:00,2022-06-26T00:00:00.0000000Z,2022-06-27T00:00:00.0000000Z,2022-06-26T00:00:00.0562580Z,21474.14,21870.14,20944.68,21023.3,15339.43297235,497601
2022-06-27 23:59:59.721000+00:00,2022-06-27T00:00:00.0000000Z,2022-06-28T00:00:00.0000000Z,2022-06-27T00:00:00.1080000Z,21023.4,21528.7,20491.28,20716.3,25109.09142876,599258
2022-06-28 23:59:59.805957+00:00,2022-06-28T00:00:00.0000000Z,2022-06-29T00:00:00.0000000Z,2022-06-28T00:00:00.2099600Z,20722.95,21189.99,20164.7,20252.89,31804.645194,667704
2022-06-29 23:59:59.984696+00:00,2022-06-29T00:00:00.0000000Z,2022-06-30T00:00:00.0000000Z,2022-06-29T00:00:00.5820600Z,20253.5,20415.0,19823.43,20094.79,33342.40837864,676043
2022-06-30 23:59:59.982596+00:00,2022-06-30T00:00:00.0000000Z,2022-07-01T00:00:00.0000000Z,2022-06-30T00:00:00.1551880Z,20098.0,20148.5,18577.0,19985.62,52959.14014465,825272
2022-07-01 23:59:59.881057+00:00,2022-07-01T00:00:00.0000000Z,2022-07-02T00:00:00.0000000Z,2022-07-01T00:00:00.2717890Z,19985.62,20897.5,18938.33,19252.76,62534.84482549,828888
2022-07-02 23:59:59.451105+00:00,2022-07-02T00:00:00.0000000Z,2022-07-03T00:00:00.0000000Z,2022-07-02T00:00:00.5164700Z,19252.76,19430.4,18953.0,19224.03,16220.48075673,445646
2022-07-03 23:59:59.867258+00:00,2022-07-03T00:00:00.0000000Z,2022-07-04T00:00:00.0000000Z,2022-07-03T00:00:00.0910850Z,19225.54,19684.3,18738.6,19291.33,18358.10000376,397365
2022-07-04 23:59:59.997342+00:00,2022-07-04T00:00:00.0000000Z,2022-07-05T00:00:00.0000000Z,2022-07-04T00:00:00.3751530Z,19291.35,20331.76,19028.0,20211.35,27921.73676757,532526
2022-07-05 23:59:59.219000+00:00,2022-07-05T00:00:00.0000000Z,2022-07-06T00:00:00.0000000Z,2022-07-05T00:00:00.0886560Z,20212.42,20734.89,19274.95,20158.0,41057.42846611,675395
2022-07-06 23:59:59.993765+00:00,2022-07-06T00:00:00.0000000Z,2022-07-07T00:00:00.0000000Z,2022-07-06T00:00:00.0240000Z,20169.0,20650.0,19743.0,20542.67,29140.78696396,596024
2022-07-07 23:59:59.892000+00:00,2022-07-07T00:00:00.0000000Z,2022-07-08T00:00:00.0000000Z,2022-07-07T00:00:00.2687390Z,20542.66,21855.72,20224.8,21612.5,39310.97011129,694919
2022-07-08 23:59:59.632313+00:00,2022-07-08T00:00:00.0000000Z,2022-07-09T00:00:00.0000000Z,2022-07-08T00:00:00.1625760Z,21618.04,22498.0,21164.07,21582.2,40091.54737562,732130
2022-07-09 23:59:58.194779+00:00,2022-07-09T00:00:00.0000000Z,2022-07-10T00:00:00.0000000Z,2022-07-09T00:00:00.1967920Z,21582.28,21964.0,21301.5,21583.99,13748.36697374,441248
2022-07-10 23:59:59.792000+00:00,2022-07-10T00:00:00.0000000Z,2022-07-11T00:00:00.0000000Z,2022-07-10T00:00:00.1700840Z,21582.23,21595.75,20610.31,20835.45,16137.94802462,435736
2022-07-11 23:59:59.930498+00:00,2022-07-11T00:00:00.0000000Z,2022-07-12T00:00:00.0000000Z,2022-07-11T00:00:00.2271720Z,20850.65,20858.75,19860.12,19942.43,24798.18689101,467599
2022-07-12 23:59:59.873069+00:00,2022-07-12T00:00:00.0000000Z,2022-07-13T00:00:00.0000000Z,2022-07-12T00:00:00.1499860Z,19942.44,20049.04,19214.1,19303.65,31942.21575991,490960
2022-07-13 23:59:59.871097+00:00,2022-07-13T00:00:00.0000000Z,2022-07-14T00:00:00.0000000Z,2022-07-13T00:00:00.1027840Z,19304.71,20367.88,18892.0,20220.23,43664.88807033,593587
2022-07-14 23:59:59.994465+00:00,2022-07-14T00:00:00.0000000Z,2022-07-15T00:00:00.0000000Z,2022-07-14T00:00:00.0980000Z,20222.3,20899.47,19595.476,20577.02,35979.84987619,542261
2022-07-15 23:59:59.583810+00:00,2022-07-15T00:00:00.0000000Z,2022-07-16T00:00:00.0000000Z,2022-07-15T00:00:00.6036040Z,20574.96,21198.0,20368.67,20827.55,26784.68154917,512820
2022-07-16 23:59:59.756971+00:00,2022-07-16T00:00:00.0000000Z,2022-07-17T00:00:00.0000000Z,2022-07-16T00:00:00.0496280Z,20823.06,21582.71,20472.68,21189.68,19987.30836529,423640
2022-07-17 23:59:59.996205+00:00,2022-07-17T00:00:00.0000000Z,2022-07-18T00:00:00.0000000Z,2022-07-17T00:00:00.0349750Z,21189.23,21667.1,20748.7,20791.74,18656.35187601,440661
2022-07-18 23:59:59.865747+00:00,2022-07-18T00:00:00.0000000Z,2022-07-19T00:00:00.0000000Z,2022-07-18T00:00:00.0133520Z,20791.74,22777.0,20755.95,22427.56,52849.50554483,711554
2022-07-19 23:59:59.715942+00:00,2022-07-19T00:00:00.0000000Z,2022-07-20T00:00:00.0000000Z,2022-07-19T00:00:00.1043620Z,22434.97,23800.0,21572.0,23395.06,58491.67314026,731857
2022-07-20 23:59:58.959253+00:00,2022-07-20T00:00:00.0000000Z,2022-07-21T00:00:00.0000000Z,2022-07-20T00:00:00.1408400Z,23398.46,24287.13,22893.95,23226.99,55200.6522769,708323
2022-07-21 23:59:59.828000+00:00,2022-07-21T00:00:00.0000000Z,2022-07-22T00:00:00.0000000Z,2022-07-21T00:00:00.4901410Z,23225.24,23436.5,22340.07,23163.34,38854.0070156,564636
2022-07-22 23:59:59.962873+00:00,2022-07-22T00:00:00.0000000Z,2022-07-23T00:00:00.0000000Z,2022-07-22T00:00:00.1808580Z,23152.76,23764.999,22505.56,22687.68,32724.98175886,531549
2022-07-23 23:59:59.433274+00:00,2022-07-23T00:00:00.0000000Z,2022-07-24T00:00:00.0000000Z,2022-07-23T00:00:00.6705180Z,22688.85,23006.16,21941.01,22450.69,19805.47143619,383921
2022-07-24 23:59:59.866343+00:00,2022-07-24T00:00:00.0000000Z,2022-07-25T00:00:00.0000000Z,2022-07-24T00:00:00.1062750Z,22451.36,23036.46,22263.85,22583.43,18861.02145104,312799
2022-07-25 23:59:59.839034+00:00,2022-07-25T00:00:00.0000000Z,2022-07-26T00:00:00.0000000Z,2022-07-25T00:00:00.0585510Z,22583.37,22673.68,21250.0,21313.41,34922.89168232,486277
2022-07-26 23:59:59.920635+00:00,2022-07-26T00:00:00.0000000Z,2022-07-27T00:00:00.0000000Z,2022-07-26T00:00:00.0600000Z,21299.7,21344.43,20696.0,21261.57,31071.23049033,489090
2022-07-27 23:59:59.972101+00:00,2022-07-27T00:00:00.0000000Z,2022-07-28T00:00:00.0000000Z,2022-07-27T00:00:00.1404380Z,21260.22,23152.51,21044.001,22962.59,41682.58903278,586935
2022-07-28 23:59:59.578623+00:00,2022-07-28T00:00:00.0000000Z,2022-07-29T00:00:00.0000000Z,2022-07-28T00:00:00.8085320Z,22960.74,25000.0,22487.9,23851.7,44677.39486187,640079
2022-07-29 23:59:59.899327+00:00,2022-07-29T00:00:00.0000000Z,2022-07-30T00:00:00.0000000Z,2022-07-29T00:00:00.1469250Z,23851.66,24499.3,23429.71,23784.5,33558.40918175,571574
2022-07-30 23:59:59.897046+00:00,2022-07-30T00:00:00.0000000Z,2022-07-31T00:00:00.0000000Z,2022-07-30T00:00:00.3280000Z,23784.6,24699.8,23516.11,23650.13,21081.21676428,423062
2022-07-31 23:59:59.730318+00:00,2022-07-31T00:00:00.0000000Z,2022-08-01T00:00:00.0000000Z,2022-07-31T00:00:00.3353950Z,23648.15,24199.99,23240.01,23307.44,14898.59152205,357874
2022-08-01 23:59:59.775015+00:00,2022-08-01T00:00:00.0000000Z,2022-08-02T00:00:00.0000000Z,2022-08-01T00:00:00.1683460Z,23307.44,23524.8,22850.0,23273.86,24930.04045364,466478
2022-08-02 23:59:59.967271+00:00,2022-08-02T00:00:00.0000000Z,2022-08-03T00:00:00.0000000Z,2022-08-02T00:00:00.1322450Z,23273.85,23469.1,22649.1,22989.4,28276.03184283,487785
2022-08-03 23:59:59.848689+00:00,2022-08-03T00:00:00.0000000Z,2022-08-04T00:00:00.0000000Z,2022-08-03T00:00:00.1300110Z,22994.78,23652.0,22686.12,22825.0,35400.96206096,584883
2022-08-04 23:59:59.913000+00:00,2022-08-04T00:00:00.0000000Z,2022-08-05T00:00:00.0000000Z,2022-08-04T00:00:00.5396210Z,22824.88,23234.29,22392.88,22625.5,31438.73467475,629464
2022-08-05 23:59:59.746000+00:00,2022-08-05T00:00:00.0000000Z,2022-08-06T00:00:00.0000000Z,2022-08-05T00:00:00.0617700Z,22624.44,23478.58,22587.94,23326.4,40276.69921289,849781
2022-08-06 23:59:59.778249+00:00,2022-08-06T00:00:00.0000000Z,2022-08-07T00:00:00.0000000Z,2022-08-06T00:00:00.1786050Z,23320.71,23359.5,22917.49,22960.93,14672.47579298,481071
2022-08-07 23:59:59.984703+00:00,2022-08-07T00:00:00.0000000Z,2022-08-08T00:00:00.0000000Z,2022-08-07T00:00:00.2232090Z,22960.86,23411.55,22845.7,23177.39,13723.15949747,451301
2022-08-08 23:59:59.934800+00:00,2022-08-08T00:00:00.0000000Z,2022-08-09T00:00:00.0000000Z,2022-08-08T00:00:00.5003180Z,23180.26,24285.3,23155.5,23815.65,35523.18361175,719312
2022-08-09 23:59:59.390830+00:00,2022-08-09T00:00:00.0000000Z,2022-08-10T00:00:00.0000000Z,2022-08-09T00:00:00.5874040Z,23815.68,23929.35,22871.66,23158.27,32349.9762646,652629
2022-08-10 23:59:59.977213+00:00,2022-08-10T00:00:00.0000000Z,2022-08-11T00:00:00.0000000Z,2022-08-10T00:00:00.2865330Z,23158.32,24248.887,22661.5,23962.18,40158.23244765,812571
2022-08-11 23:59:59.989302+00:00,2022-08-11T00:00:00.0000000Z,2022-08-12T00:00:00.0000000Z,2022-08-11T00:00:00.5438980Z,23959.3,24929.99,23862.1,23944.86,44624.88254092,924220
2022-08-12 23:59:59.715523+00:00,2022-08-12T00:00:00.0000000Z,2022-08-13T00:00:00.0000000Z,2022-08-12T00:00:00.0176350Z,23944.85,24472.4,23594.5,24415.18,26871.18829582,766591
2022-08-13 23:59:59.287644+00:00,2022-08-13T00:00:00.0000000Z,2022-08-14T00:00:00.0000000Z,2022-08-13T00:00:00.0034290Z,24415.08,24947.8,24301.0,24456.49,19322.58294016,638008
2022-08-14 23:59:59.858578+00:00,2022-08-14T00:00:00.0000000Z,2022-08-15T00:00:00.0000000Z,2022-08-14T00:00:00.1460940Z,24456.17,25054.1,24151.63,24316.71,29015.12554811,731524
2022-08-15 23:59:59.733210+00:00,2022-08-15T00:00:00.0000000Z,2022-08-16T00:00:00.0000000Z,2022-08-15T00:00:00.2508340Z,24316.58,25226.0,23775.5,24097.82,39928.58447592,858710
2022-08-16 23:59:59.482802+00:00,2022-08-16T00:00:00.0000000Z,2022-08-17T00:00:00.0000000Z,2022-08-16T00:00:00.1742770Z,24099.7,24253.98,23663.0,23857.93,29297.80234289,699866
2022-08-17 23:59:59.334902+00:00,2022-08-17T00:00:00.0000000Z,2022-08-18T00:00:00.0000000Z,2022-08-17T00:00:00.1917370Z,23857.89,24448.49,23176.0,23341.17,35634.07380044,654526
2022-08-18 23:59:59.836970+00:00,2022-08-18T00:00:00.0000000Z,2022-08-19T00:00:00.0000000Z,2022-08-18T00:00:00.3235560Z,23344.42,23600.0,23103.0,23189.46,21084.74846373,579087
2022-08-19 23:59:59.584201+00:00,2022-08-19T00:00:00.0000000Z,2022-08-20T00:00:00.0000000Z,2022-08-19T00:00:00.4320260Z,23188.94,23206.76,20782.39,20834.94,71021.09492977,1116987
2022-08-20 23:59:59.917029+00:00,2022-08-20T00:00:00.0000000Z,2022-08-21T00:00:00.0000000Z,2022-08-20T00:00:00.0480550Z,20834.94,21372.93,20754.06,21139.23,29541.40738963,762366
2022-08-21 23:59:59.703276+00:00,2022-08-21T00:00:00.0000000Z,2022-08-22T00:00:00.0000000Z,2022-08-21T00:00:00.0368140Z,21139.22,21812.8,21062.9,21518.62,22899.5866805,682105
2022-08-22 23:59:59.339215+00:00,2022-08-22T00:00:00.0000000Z,2022-08-23T00:00:00.0000000Z,2022-08-22T00:00:00.1473430Z,21514.45,21540.0,20889.69,21398.25,35561.40483318,741487
2022-08-23 23:59:59.275789+00:00,2022-08-23T00:00:00.0000000Z,2022-08-24T00:00:00.0000000Z,2022-08-23T00:00:00.7200690Z,21396.37,21690.81,20886.0,21528.34,33271.09584896,745294
2022-08-24 23:59:59.291122+00:00,2022-08-24T00:00:00.0000000Z,2022-08-25T00:00:00.0000000Z,2022-08-24T00:00:00.3190000Z,21523.0,21925.0,21142.0,21367.12,33716.25106846,708729
2022-08-25 23:59:59.833530+00:00,2022-08-25T00:00:00.0000000Z,2022-08-26T00:00:00.0000000Z,2022-08-25T00:00:00.1667150Z,21367.12,21818.32,21307.32,21561.86,20865.3936089,722084
2022-08-26 23:59:59.907550+00:00,2022-08-26T00:00:00.0000000Z,2022-08-27T00:00:00.0000000Z,2022-08-26T00:00:00.6505830Z,21561.49,21878.05,20097.5,20240.72,48850.92315797,952594
2022-08-27 23:59:59.715513+00:00,2022-08-27T00:00:00.0000000Z,2022-08-28T00:00:00.0000000Z,2022-08-27T00:00:00.0020000Z,20241.9,20389.14,19766.0,20036.69,26531.85943839,707601
2022-08-28 23:59:59.825326+00:00,2022-08-28T00:00:00.0000000Z,2022-08-29T00:00:00.0000000Z,2022-08-28T00:00:00.8176710Z,20035.3,20164.26,19513.74,19554.03,20393.12041342,594517
2022-08-29 23:59:59.979876+00:00,2022-08-29T00:00:00.0000000Z,2022-08-30T00:00:00.0000000Z,2022-08-29T00:00:00.0020000Z,19539.8,20434.105,19539.7,20286.97,42793.9571438,925454
2022-08-30 23:59:59.598733+00:00,2022-08-30T00:00:00.0000000Z,2022-08-31T00:00:00.0000000Z,2022-08-30T00:00:00.0020000Z,20290.6,20582.64,19540.14,19813.17,60649.09261057,1158880
2022-08-31 23:59:59.804390+00:00,2022-08-31T00:00:00.0000000Z,2022-09-01T00:00:00.0000000Z,2022-08-31T00:00:00.0020000Z,19814.2,20500.0,19799.97,20048.26,48270.90003982,1090024
2022-09-01 23:59:59.991868+00:00,2022-09-01T00:00:00.0000000Z,2022-09-02T00:00:00.0000000Z,2022-09-01T00:00:00.0020000Z,20049.4,20208.5,19558.5,20133.65,34639.35778644,691367
2022-09-02 23:59:59.815513+00:00,2022-09-02T00:00:00.0000000Z,2022-09-03T00:00:00.0000000Z,2022-09-02T00:00:00.0861720Z,20132.67,20444.554,19755.0,19953.74,30981.0141372,648842
2022-09-03 23:59:59.902000+00:00,2022-09-03T00:00:00.0000000Z,2022-09-04T00:00:00.0000000Z,2022-09-03T00:00:00.1735420Z,19953.4,20053.9,19653.999,19833.37,13596.91829459,448517
2022-09-04 23:59:59.983462+00:00,2022-09-04T00:00:00.0000000Z,2022-09-05T00:00:00.0000000Z,2022-09-04T00:00:00.3410000Z,19833.37,20030.5,19586.0,20004.73,15173.52228769,439842
2022-09-05 23:59:59.791551+00:00,2022-09-05T00:00:00.0000000Z,2022-09-06T00:00:00.0000000Z,2022-09-05T00:00:00.0450080Z,20003.85,20061.5,19633.11,19794.58,20593.26719493,487713
2022-09-06 23:59:59.921948+00:00,2022-09-06T00:00:00.0000000Z,2022-09-07T00:00:00.0000000Z,2022-09-06T00:00:00.1527670Z,19794.59,20190.95,18662.0,18790.91,54205.69802193,855839
2022-09-07 23:59:59.920104+00:00,2022-09-07T00:00:00.0000000Z,2022-09-08T00:00:00.0000000Z,2022-09-07T00:00:00.7052420Z,18790.77,19466.09,18524.9,19293.52,37145.46367312,735730
2022-09-08 23:59:59.782583+00:00,2022-09-08T00:00:00.0000000Z,2022-09-09T00:00:00.0000000Z,2022-09-08T00:00:00.4276410Z,19293.03,19465.0,19014.43,19321.87,29805.01544328,639144
2022-09-09 23:59:59.454317+00:00,2022-09-09T00:00:00.0000000Z,2022-09-10T00:00:00.0000000Z,2022-09-09T00:00:00.2578690Z,19322.56,21633.5,19294.49,21364.5,62425.10076917,919285
2022-09-10 23:59:59.467398+00:00,2022-09-10T00:00:00.0000000Z,2022-09-11T00:00:00.0000000Z,2022-09-10T00:00:00.1390860Z,21366.61,21833.0,21121.6,21651.52,25069.24948383,570082
2022-09-11 23:59:59.800637+00:00,2022-09-11T00:00:00.0000000Z,2022-09-12T00:00:00.0000000Z,2022-09-11T00:00:00.4391410Z,21656.03,21874.5,21356.37,21831.72,20278.02208702,465834
2022-09-12 23:59:59.886135+00:00,2022-09-12T00:00:00.0000000Z,2022-09-13T00:00:00.0000000Z,2022-09-12T00:00:00.2240000Z,21835.93,22495.0,21551.212,22402.71,43179.36616915,730946
2022-09-13 23:59:59.827596+00:00,2022-09-13T00:00:00.0000000Z,2022-09-14T00:00:00.0000000Z,2022-09-13T00:00:00.1156200Z,22402.58,22806.5,19855.0,20174.78,63048.67238024,872130
2022-09-14 23:59:59.813216+00:00,2022-09-14T00:00:00.0000000Z,2022-09-15T00:00:00.0000000Z,2022-09-14T00:00:00.0861700Z,20174.78,20545.0,19610.0,20227.77,39309.32209504,626466
2022-09-15 23:59:59.564563+00:00,2022-09-15T00:00:00.0000000Z,2022-09-16T00:00:00.0000000Z,2022-09-15T00:00:00.1004170Z,20227.7,20432.0,19482.5,19703.67,34075.97159722,613413
2022-09-16 23:59:59.906299+00:00,2022-09-16T00:00:00.0000000Z,2022-09-17T00:00:00.0000000Z,2022-09-16T00:00:00.1687210Z,19703.65,19890.95,19305.0,19801.04,27229.96042738,534332
2022-09-17 23:59:59.445809+00:00,2022-09-17T00:00:00.0000000Z,2022-09-18T00:00:00.0000000Z,2022-09-17T00:00:00.1160000Z,19802.0,20197.8,19748.89,20113.37,16208.61410414,443992
2022-09-18 23:59:59.872454+00:00,2022-09-18T00:00:00.0000000Z,2022-09-19T00:00:00.0000000Z,2022-09-18T00:00:00.0999350Z,20113.37,20122.75,19335.57,19417.64,23508.53587208,514416
2022-09-19 23:59:59.489073+00:00,2022-09-19T00:00:00.0000000Z,2022-09-20T00:00:00.0000000Z,2022-09-19T00:00:00.1678970Z,19417.56,19689.62,18223.9,19540.38,48926.81338446,764983
2022-09-20 23:59:59.681202+00:00,2022-09-20T00:00:00.0000000Z,2022-09-21T00:00:00.0000000Z,2022-09-20T00:00:00.2171680Z,19538.31,19638.46,18711.5,18876.91,40182.17459689,621670
2022-09-21 23:59:59.996798+00:00,2022-09-21T00:00:00.0000000Z,2022-09-22T00:00:00.0000000Z,2022-09-21T00:00:00.0384810Z,18876.14,19958.0,18135.0,18462.64,71011.09121382,969389
2022-09-22 23:59:59.265627+00:00,2022-09-22T00:00:00.0000000Z,2022-09-23T00:00:00.0000000Z,2022-09-22T00:00:00.0329740Z,18462.66,19541.0,18357.0,19401.25,53447.51549717,836629
2022-09-23 23:59:59.881717+00:00,2022-09-23T00:00:00.0000000Z,2022-09-24T00:00:00.0000000Z,2022-09-23T00:00:00.0534760Z,19399.93,19500.0,18529.0,19286.01,43142.14964921,781771
2022-09-24 23:59:58.286638+00:00,2022-09-24T00:00:00.0000000Z,2022-09-25T00:00:00.0000000Z,2022-09-24T00:00:00.7636350Z,19286.03,19313.41,18805.1,18923.2,22041.14464404,517934
2022-09-25 23:59:59.770073+00:00,2022-09-25T00:00:00.0000000Z,2022-09-26T00:00:00.0000000Z,2022-09-25T00:00:00.0020000Z,18928.2,19186.0,18619.88,18808.61,20087.54008148,452006
2022-09-26 23:59:59.492000+00:00,2022-09-26T00:00:00.0000000Z,2022-09-27T00:00:00.0000000Z,2022-09-26T00:00:00.1478000Z,18806.3,19320.86,18681.02,19224.0,45078.56940483,725428
2022-09-27 23:59:59.997876+00:00,2022-09-27T00:00:00.0000000Z,2022-09-28T00:00:00.0000000Z,2022-09-27T00:00:00.0463790Z,19226.94,20383.15,18820.5,19077.57,74314.69408968,1059340
2022-09-28 23:59:59.914000+00:00,2022-09-28T00:00:00.0000000Z,2022-09-29T00:00:00.0000000Z,2022-09-28T00:00:00.0318900Z,19077.56,19807.0,18457.0,19400.0,65055.38392876,939878
2022-09-29 23:59:59.558159+00:00,2022-09-29T00:00:00.0000000Z,2022-09-30T00:00:00.0000000Z,2022-09-29T00:00:00.0267450Z,19412.37,19647.8,18844.5,19595.57,47350.79718028,796498
2022-09-30 23:59:59.948000+00:00,2022-09-30T00:00:00.0000000Z,2022-10-01T00:00:00.0000000Z,2022-09-30T00:00:00.0308520Z,19595.59,20186.0,19150.0,19425.2,53039.03479481,787973
2022-10-01 23:59:59.866618+00:00,2022-10-01T00:00:00.0000000Z,2022-10-02T00:00:00.0000000Z,2022-10-01T00:00:00.0330000Z,19425.1,19488.0,19158.0,19315.27,11662.84542563,572431
2022-10-02 23:59:59.981562+00:00,2022-10-02T00:00:00.0000000Z,2022-10-03T00:00:00.0000000Z,2022-10-02T00:00:00.0453220Z,19315.26,19399.0,18923.5,19059.17,18417.6584431,645908
2022-10-03 23:59:59.856745+00:00,2022-10-03T00:00:00.0000000Z,2022-10-04T00:00:00.0000000Z,2022-10-03T00:00:00.0791760Z,19059.1,19725.0,18958.29,19633.46,38824.65874508,1037318
2022-10-04 23:59:59.711045+00:00,2022-10-04T00:00:00.0000000Z,2022-10-05T00:00:00.0000000Z,2022-10-04T00:00:00.0412640Z,19632.43,20479.43,19495.32,20345.19,46193.74325088,955572
2022-10-05 23:59:59.556122+00:00,2022-10-05T00:00:00.0000000Z,2022-10-06T00:00:00.0000000Z,2022-10-05T00:00:00.0381340Z,20345.27,20371.15,19735.0,20161.62,46954.47197477,1039092
2022-10-06 23:59:59.945448+00:00,2022-10-06T00:00:00.0000000Z,2022-10-07T00:00:00.0000000Z,2022-10-06T00:00:00.4050090Z,20162.15,20455.79,19855.19,19965.64,54599.42030475,1023316
2022-10-07 23:59:59.696873+00:00,2022-10-07T00:00:00.0000000Z,2022-10-08T00:00:00.0000000Z,2022-10-07T00:00:00.0170000Z,19955.8,20078.0,19324.457,19533.05,46130.04683817,948924
2022-10-08 23:59:59.480815+00:00,2022-10-08T00:00:00.0000000Z,2022-10-09T00:00:00.0000000Z,2022-10-08T00:00:00.6535870Z,19531.68,19634.76,19190.0,19419.39,13335.56333848,482140
2022-10-09 23:59:59.881000+00:00,2022-10-09T00:00:00.0000000Z,2022-10-10T00:00:00.0000000Z,2022-10-09T00:00:00.0040000Z,19420.0,19604.0,19321.0,19443.5,16233.01621174,447211
2022-10-10 23:59:59.812435+00:00,2022-10-10T00:00:00.0000000Z,2022-10-11T00:00:00.0000000Z,2022-10-10T00:00:00.4314190Z,19442.7,19529.5,19028.08,19132.83,31903.80869358,641472
2022-10-11 23:59:59.531957+00:00,2022-10-11T00:00:00.0000000Z,2022-10-12T00:00:00.0000000Z,2022-10-11T00:00:00.3079270Z,19130.8,19265.69,18853.0,19058.11,41935.74041497,787328
2022-10-12 23:59:59.963544+00:00,2022-10-12T00:00:00.0000000Z,2022-10-13T00:00:00.0000000Z,2022-10-12T00:00:00.0190560Z,19058.42,19240.3,18937.3,19155.92,28512.080761,691491
2022-10-13 23:59:59.824780+00:00,2022-10-13T00:00:00.0000000Z,2022-10-14T00:00:00.0000000Z,2022-10-13T00:00:00.0337590Z,19153.97,19509.23,18131.0,19378.65,62898.04439705,993978
2022-10-14 23:59:59.880560+00:00,2022-10-14T00:00:00.0000000Z,2022-10-15T00:00:00.0000000Z,2022-10-14T00:00:00.0235450Z,19375.55,19954.14,19061.09,19178.0,50556.15812399,856974
2022-10-15 23:59:59.217112+00:00,2022-10-15T00:00:00.0000000Z,2022-10-16T00:00:00.0000000Z,2022-10-15T00:00:00.0202330Z,19179.15,19229.12,18983.0,19070.24,11578.47597567,462106
2022-10-16 23:59:58.922722+00:00,2022-10-16T00:00:00.0000000Z,2022-10-17T00:00:00.0000000Z,2022-10-16T00:00:00.3369420Z,19070.62,19425.49,19065.23,19264.44,10506.41906253,394992
2022-10-17 23:59:59.974235+00:00,2022-10-17T00:00:00.0000000Z,2022-10-18T00:00:00.0000000Z,2022-10-17T00:00:00.0700270Z,19261.62,19679.46,19154.72,19550.4,29553.80896509,569927
2022-10-18 23:59:59.991230+00:00,2022-10-18T00:00:00.0000000Z,2022-10-19T00:00:00.0000000Z,2022-10-18T00:00:00.0964230Z,19550.39,19702.73,19091.77,19328.76,33432.37574211,745680
2022-10-19 23:59:59.834280+00:00,2022-10-19T00:00:00.0000000Z,2022-10-20T00:00:00.0000000Z,2022-10-19T00:00:00.0300590Z,19328.75,19361.0,19062.1,19124.18,26332.05117343,658263
2022-10-20 23:59:59.991870+00:00,2022-10-20T00:00:00.0000000Z,2022-10-21T00:00:00.0000000Z,2022-10-20T00:00:00.0954520Z,19123.77,19349.04,18900.3,19042.48,33524.82575433,783843
2022-10-21 23:59:59.810774+00:00,2022-10-21T00:00:00.0000000Z,2022-10-22T00:00:00.0000000Z,2022-10-21T00:00:00.1658700Z,19043.66,19254.52,18657.1,19166.45,30441.03604086,702900
2022-10-22 23:59:59.876934+00:00,2022-10-22T00:00:00.0000000Z,2022-10-23T00:00:00.0000000Z,2022-10-22T00:00:00.3550110Z,19164.92,19257.66,19110.46,19209.1,8453.38063949,371673
2022-10-23 23:59:59.633232+00:00,2022-10-23T00:00:00.0000000Z,2022-10-24T00:00:00.0000000Z,2022-10-23T00:00:00.6882680Z,19209.09,19698.1,19070.92,19572.44,15847.58578145,447542
2022-10-24 23:59:59.521649+00:00,2022-10-24T00:00:00.0000000Z,2022-10-25T00:00:00.0000000Z,2022-10-24T00:00:00.1805770Z,19572.2,19603.57,19158.2,19330.41,34405.60173786,691047
2022-10-25 23:59:59.969583+00:00,2022-10-25T00:00:00.0000000Z,2022-10-26T00:00:00.0000000Z,2022-10-25T00:00:00.0030000Z,19330.6,20420.88,19222.0,20086.28,53346.22975189,859496
2022-10-26 23:59:59.495981+00:00,2022-10-26T00:00:00.0000000Z,2022-10-27T00:00:00.0000000Z,2022-10-26T00:00:00.0388000Z,20086.27,21022.81,20055.85,20775.4,52637.85793108,946882
2022-10-27 23:59:59.708000+00:00,2022-10-27T00:00:00.0000000Z,2022-10-28T00:00:00.0000000Z,2022-10-27T00:00:00.2676860Z,20773.59,20879.05,20150.1,20296.0,41132.67379078,896020
2022-10-28 23:59:59.927000+00:00,2022-10-28T00:00:00.0000000Z,2022-10-29T00:00:00.0000000Z,2022-10-28T00:00:00.1322940Z,20295.77,20755.09,20000.0,20599.0,36442.59724158,767478
2022-10-29 23:59:59.980353+00:00,2022-10-29T00:00:00.0000000Z,2022-10-30T00:00:00.0000000Z,2022-10-29T00:00:00.4056340Z,20597.34,21080.0,20561.2,20823.53,23521.43050592,678957
2022-10-30 23:59:59.953189+00:00,2022-10-30T00:00:00.0000000Z,2022-10-31T00:00:00.0000000Z,2022-10-30T00:00:00.2185860Z,20822.38,20939.35,20518.9,20630.68,16345.54361263,477514
2022-10-31 23:59:59.417557+00:00,2022-10-31T00:00:00.0000000Z,2022-11-01T00:00:00.0000000Z,2022-10-31T00:00:00.7631740Z,20629.21,20837.68,20237.0,20489.94,27962.18761274,551550
2022-11-01 23:59:59.916000+00:00,2022-11-01T00:00:00.0000000Z,2022-11-02T00:00:00.0000000Z,2022-11-01T00:00:00.0361120Z,20489.55,20691.0,20326.55,20486.5,24648.51345896,602422
2022-11-02 23:59:59.745697+00:00,2022-11-02T00:00:00.0000000Z,2022-11-03T00:00:00.0000000Z,2022-11-02T00:00:00.0362330Z,20480.34,20864.3,20055.0,20151.4,48936.34599277,680245
2022-11-03 23:59:59.606588+00:00,2022-11-03T00:00:00.0000000Z,2022-11-04T00:00:00.0000000Z,2022-11-03T00:00:00.1613010Z,20151.29,20390.82,20032.02,20206.88,31165.70454456,681468
2022-11-04 23:59:59.998915+00:00,2022-11-04T00:00:00.0000000Z,2022-11-05T00:00:00.0000000Z,2022-11-04T00:00:00.0156810Z,20208.02,21333.3,20179.01,21144.2,51066.15774022,835750
2022-11-05 23:59:59.577252+00:00,2022-11-05T00:00:00.0000000Z,2022-11-06T00:00:00.0000000Z,2022-11-05T00:00:00.1593050Z,21149.03,21478.8,21082.54,21300.45,16769.18315658,451572
2022-11-06 23:59:58.737842+00:00,2022-11-06T00:00:00.0000000Z,2022-11-07T00:00:00.0000000Z,2022-11-06T00:00:00.2265790Z,21300.45,21365.89,20886.26,20909.17,13133.40209962,387395
2022-11-07 23:59:59.478938+00:00,2022-11-07T00:00:00.0000000Z,2022-11-08T00:00:00.0000000Z,2022-11-07T00:00:00.1785370Z,20908.15,21074.8,20394.34,20593.49,30481.38334773,567955
2022-11-08 23:59:59.649200+00:00,2022-11-08T00:00:00.0000000Z,2022-11-09T00:00:00.0000000Z,2022-11-08T00:00:00.0030000Z,20592.0,20678.35,17025.41,18550.25,117006.61873771,1456865
2022-11-09 23:59:59.799705+00:00,2022-11-09T00:00:00.0000000Z,2022-11-10T00:00:00.0000000Z,2022-11-09T00:00:00.0395450Z,18546.07,18590.34,15512.0,15891.96,149762.26168529,2032095
2022-11-10 23:59:59.815650+00:00,2022-11-10T00:00:00.0000000Z,2022-11-11T00:00:00.0000000Z,2022-11-10T00:00:00.2614030Z,15894.77,18172.04,15720.0,17553.89,116117.09349759,1754093
2022-11-11 23:59:59.931122+00:00,2022-11-11T00:00:00.0000000Z,2022-11-12T00:00:00.0000000Z,2022-11-11T00:00:00.1185500Z,17555.44,17657.63,16336.05,17013.62,79641.60487283,1286374
2022-11-12 23:59:59.929000+00:00,2022-11-12T00:00:00.0000000Z,2022-11-13T00:00:00.0000000Z,2022-11-12T00:00:00.0331830Z,17014.78,17067.7,16508.6,16788.0,28486.08508772,509111
2022-11-13 23:59:59.473138+00:00,2022-11-13T00:00:00.0000000Z,2022-11-14T00:00:00.0000000Z,2022-11-13T00:00:00.1377500Z,16783.32,17240.0,16214.95,16301.39,28318.69213326,499545
2022-11-14 23:59:59.984760+00:00,2022-11-14T00:00:00.0000000Z,2022-11-15T00:00:00.0000000Z,2022-11-14T00:00:00.5700160Z,16298.75,17169.68,15784.0,16590.73,70295.11318596,1117092
2022-11-15 23:59:59.887996+00:00,2022-11-15T00:00:00.0000000Z,2022-11-16T00:00:00.0000000Z,2022-11-15T00:00:00.7891450Z,16588.41,17107.88,16502.85,16877.93,61931.63422588,1018355
2022-11-16 23:59:59.913000+00:00,2022-11-16T00:00:00.0000000Z,2022-11-17T00:00:00.0000000Z,2022-11-16T00:00:00.1660800Z,16879.37,16994.31,16277.0,16628.38,47002.32680905,827868
2022-11-17 23:59:59.994050+00:00,2022-11-17T00:00:00.0000000Z,2022-11-18T00:00:00.0000000Z,2022-11-17T00:00:00.0213590Z,16646.58,16781.31,16396.0,16680.47,29070.30021608,594782
2022-11-18 23:59:59.949420+00:00,2022-11-18T00:00:00.0000000Z,2022-11-19T00:00:00.0000000Z,2022-11-18T00:00:00.2301940Z,16680.47,16982.28,16513.8,16680.59,31114.53158767,533133
2022-11-19 23:59:59.752578+00:00,2022-11-19T00:00:00.0000000Z,2022-11-20T00:00:00.0000000Z,2022-11-19T00:00:00.0932240Z,16678.85,16802.0,16534.83,16683.02,12194.78366745,314706
2022-11-20 23:59:59.813976+00:00,2022-11-20T00:00:00.0000000Z,2022-11-21T00:00:00.0000000Z,2022-11-20T00:00:00.2516060Z,16680.7,16738.47,16154.65,16252.53,20668.79789034,419462
2022-11-21 23:59:59.858206+00:00,2022-11-21T00:00:00.0000000Z,2022-11-22T00:00:00.0000000Z,2022-11-21T00:00:00.3501770Z,16252.43,16283.6,15460.0,15760.14,57106.6746767,884446
2022-11-22 23:59:59.757196+00:00,2022-11-22T00:00:00.0000000Z,2022-11-23T00:00:00.0000000Z,2022-11-22T00:00:00.4523980Z,15758.96,16294.5,15582.7,16199.71,52870.90022482,817052
2022-11-23 23:59:59.335354+00:00,2022-11-23T00:00:00.0000000Z,2022-11-24T00:00:00.0000000Z,2022-11-23T00:00:00.1581440Z,16201.15,16700.0,16142.99,16587.0,44784.51881121,719830
2022-11-24 23:59:59.871786+00:00,2022-11-24T00:00:00.0000000Z,2022-11-25T00:00:00.0000000Z,2022-11-24T00:00:00.1963450Z,16585.83,16797.28,16450.0,16587.61,26204.19983131,489641
2022-11-25 23:59:59.894450+00:00,2022-11-25T00:00:00.0000000Z,2022-11-26T00:00:00.0000000Z,2022-11-25T00:00:00.0260840Z,16587.6,16610.08,16333.0,16510.9,24913.05289963,475308
2022-11-26 07:16:32.121277+00:00,2022-11-26T00:00:00.0000000Z,2022-11-27T00:00:00.0000000Z,2022-11-26T00:00:00.1801080Z,16510.9,16693.18,16497.49,16553.37,5512.50341799,106529
